4300805,静岡県,浜松市中区,相生町
4300927,静岡県,浜松市中区,旭町
4300945,静岡県,浜松市中区,池町
4300928,静岡県,浜松市中区,板屋町
4307790,静岡県,浜松市中区,板屋町浜松アクトタワー
4307701,静岡県,浜松市中区,板屋町浜松アクトタワー
4307702,静岡県,浜松市中区,板屋町浜松アクトタワー
4307703,静岡県,浜松市中区,板屋町浜松アクトタワー
4307704,静岡県,浜松市中区,板屋町浜松アクトタワー
4307705,静岡県,浜松市中区,板屋町浜松アクトタワー
4307706,静岡県,浜松市中区,板屋町浜松アクトタワー
4307707,静岡県,浜松市中区,板屋町浜松アクトタワー
4307708,静岡県,浜松市中区,板屋町浜松アクトタワー
4307709,静岡県,浜松市中区,板屋町浜松アクトタワー
4307710,静岡県,浜松市中区,板屋町浜松アクトタワー
4307711,静岡県,浜松市中区,板屋町浜松アクトタワー
4307712,静岡県,浜松市中区,板屋町浜松アクトタワー
4307713,静岡県,浜松市中区,板屋町浜松アクトタワー
4307714,静岡県,浜松市中区,板屋町浜松アクトタワー
4307715,静岡県,浜松市中区,板屋町浜松アクトタワー
4307716,静岡県,浜松市中区,板屋町浜松アクトタワー
4307717,静岡県,浜松市中区,板屋町浜松アクトタワー
4307718,静岡県,浜松市中区,板屋町浜松アクトタワー
4307719,静岡県,浜松市中区,板屋町浜松アクトタワー
4307720,静岡県,浜松市中区,板屋町浜松アクトタワー
4307721,静岡県,浜松市中区,板屋町浜松アクトタワー
4307722,静岡県,浜松市中区,板屋町浜松アクトタワー
4307723,静岡県,浜松市中区,板屋町浜松アクトタワー
4307724,静岡県,浜松市中区,板屋町浜松アクトタワー
4307725,静岡県,浜松市中区,板屋町浜松アクトタワー
4307726,静岡県,浜松市中区,板屋町浜松アクトタワー
4307727,静岡県,浜松市中区,板屋町浜松アクトタワー
4307728,静岡県,浜松市中区,板屋町浜松アクトタワー
4307729,静岡県,浜松市中区,板屋町浜松アクトタワー
4307730,静岡県,浜松市中区,板屋町浜松アクトタワー
4307731,静岡県,浜松市中区,板屋町浜松アクトタワー
4307732,静岡県,浜松市中区,板屋町浜松アクトタワー
4307733,静岡県,浜松市中区,板屋町浜松アクトタワー
4307734,静岡県,浜松市中区,板屋町浜松アクトタワー
4307735,静岡県,浜松市中区,板屋町浜松アクトタワー
4307736,静岡県,浜松市中区,板屋町浜松アクトタワー
4307737,静岡県,浜松市中区,板屋町浜松アクトタワー
4307738,静岡県,浜松市中区,板屋町浜松アクトタワー
4307739,静岡県,浜松市中区,板屋町浜松アクトタワー
4307740,静岡県,浜松市中区,板屋町浜松アクトタワー
4307741,静岡県,浜松市中区,板屋町浜松アクトタワー
4307742,静岡県,浜松市中区,板屋町浜松アクトタワー
4307743,静岡県,浜松市中区,板屋町浜松アクトタワー
4307744,静岡県,浜松市中区,板屋町浜松アクトタワー
4307745,静岡県,浜松市中区,板屋町浜松アクトタワー
4300854,静岡県,浜松市中区,瓜内町
4300949,静岡県,浜松市中区,尾張町
4300933,静岡県,浜松市中区,鍛冶町
4300943,静岡県,浜松市中区,北田町
4300923,静岡県,浜松市中区,北寺島町
4300806,静岡県,浜松市中区,木戸町
4300948,静岡県,浜松市中区,元目町
4300938,静岡県,浜松市中区,紺屋町
4300932,静岡県,浜松市中区,肴町
4300807,静岡県,浜松市中区,佐藤
4300905,静岡県,浜松市中区,下池川町
4300911,静岡県,浜松市中区,新津町
4300931,静岡県,浜松市中区,神明町
4300903,静岡県,浜松市中区,助信町
4300926,静岡県,浜松市中区,砂山町
4300906,静岡県,浜松市中区,住吉
4300936,静岡県,浜松市中区,大工町
4300907,静岡県,浜松市中区,高林
4300944,静岡県,浜松市中区,田町
4300934,静岡県,浜松市中区,千歳町
4300929,静岡県,浜松市中区,中央
4300925,静岡県,浜松市中区,寺島町
4300808,静岡県,浜松市中区,天神町
4300935,静岡県,浜松市中区,伝馬町
4300937,静岡県,浜松市中区,利町
4300917,静岡県,浜松市中区,常盤町
4300804,静岡県,浜松市中区,富吉町
4300904,静岡県,浜松市中区,中沢町
4300856,静岡県,浜松市中区,中島
4300857,静岡県,浜松市中区,中島町
4300912,静岡県,浜松市中区,茄子町
4300811,静岡県,浜松市中区,名塚町
4300919,静岡県,浜松市中区,野口町
4300918,静岡県,浜松市中区,八幡町
4300916,静岡県,浜松市中区,早馬町
4300915,静岡県,浜松市中区,東田町
4300901,静岡県,浜松市中区,曳馬
4300902,静岡県,浜松市中区,曳馬町
4300913,静岡県,浜松市中区,船越町
4300947,静岡県,浜松市中区,松城町
4300851,静岡県,浜松市中区,向宿
4300946,静岡県,浜松市中区,元城町
4300942,静岡県,浜松市中区,元浜町
4300941,静岡県,浜松市中区,山下町
4300924,静岡県,浜松市中区,龍禅寺町
4300852,静岡県,浜松市中区,領家
4300939,静岡県,浜松市中区,連尺町
4300803,静岡県,浜松市東区,植松町
4300801,静岡県,浜松市東区,神立町
4300802,静岡県,浜松市東区,将監町
4300854,静岡県,浜松市南区,瓜内町
4300844,静岡県,浜松市南区,江之島町
4300835,静岡県,浜松市南区,遠州浜
4300842,静岡県,浜松市南区,大柳町
4300814,静岡県,浜松市南区,恩地町
4300823,静岡県,浜松市南区,河輪町
4300831,静岡県,浜松市南区,御給町
4300816,静岡県,浜松市南区,参野町
4300833,静岡県,浜松市南区,三新町
4300826,静岡県,浜松市南区,四本松町
4300825,静岡県,浜松市南区,下江町
4300846,静岡県,浜松市南区,白羽町
4300817,静岡県,浜松市南区,頭陀寺町
4300827,静岡県,浜松市南区,立野町
4300815,静岡県,浜松市南区,都盛町
4300841,静岡県,浜松市南区,寺脇町
4300824,静岡県,浜松市南区,富屋町
4300845,静岡県,浜松市南区,中田島町
4300832,静岡県,浜松市南区,長田町
4300837,静岡県,浜松市南区,西島町
4300821,静岡県,浜松市南区,西町
4300838,静岡県,浜松市南区,鼡野町
4300822,静岡県,浜松市南区,東町
4300836,静岡県,浜松市南区,福島町
4300843,静岡県,浜松市南区,福塚町
4300813,静岡県,浜松市南区,芳川町
4300812,静岡県,浜松市南区,本郷町
4300834,静岡県,浜松市南区,松島町
4300853,静岡県,浜松市南区,三島町
4300855,静岡県,浜松市南区,楊子町
